{"is_source_file": false, "format": "", "description": "", "external_files": [], "external_methods": [], "published": [], "classes": [], "methods": [], "calls": [], "search-terms": [], "state": 2, "file_id": 11, "knowledge_revision": 24, "git_revision": "f87b1796d75ca4f5ef42ad2fb6e556ff1a779177", "hash": "d2b40d02d5f7873d8a6713bad837edd4", "format-version": 4, "code-base-name": "notes_frontend", "filename": "notes_frontend/public/index.html", "revision_history": [{"24": "f87b1796d75ca4f5ef42ad2fb6e556ff1a779177"}]}