{"is_source_file": false, "format": "", "description": "", "external_files": [], "external_methods": [], "published": [], "classes": [], "methods": [], "calls": [], "search-terms": [], "state": 2, "file_id": 12, "knowledge_revision": 19, "git_revision": "f87b1796d75ca4f5ef42ad2fb6e556ff1a779177", "hash": "d9d975cebe2ec20b6c652e1e4c12ccf0", "format-version": 4, "code-base-name": "notes_frontend", "filename": "notes_frontend/public/manifest.json", "revision_history": [{"19": "f87b1796d75ca4f5ef42ad2fb6e556ff1a779177"}]}