{"is_source_file": false, "format": "", "description": "", "external_files": [], "external_methods": [], "published": [], "classes": [], "methods": [], "calls": [], "search-terms": [], "state": 2, "file_id": 8, "knowledge_revision": 36, "git_revision": "50837325db0cb9057f412924dbc15e45655ce8ac", "hash": "f6c28d9f6dc277b5dd3343b99634976a", "format-version": 4, "code-base-name": "notes_frontend", "filename": "notes_frontend/src/index.css", "revision_history": [{"36": "50837325db0cb9057f412924dbc15e45655ce8ac"}]}