{"is_source_file": true, "format": "JavaScript", "description": "This source file defines a custom React hook named useLocalStorage that synchronizes React state with local storage, including safe JSON parsing and effect management.", "external_files": ["react"], "external_methods": ["useEffect", "useState"], "published": ["useLocalStorage"], "classes": [], "methods": [{"name": "safeParse(value, fallback)", "description": "Parses a JSON string safely, returning a fallback value on error or null/undefined input.", "scope": "", "scopeKind": ""}, {"name": "useLocalStorage(key, initialValue)", "description": "Custom React hook that manages state synchronized with localStorage, with initial value and automatic persistence.", "scope": "", "scopeKind": ""}], "calls": ["JSON.parse", "JSON.stringify", "window.localStorage.getItem", "window.localStorage.setItem"], "search-terms": ["useLocalStorage", "React hook", "localStorage", "custom hook", "safe JSON parse"], "state": 2, "file_id": 16, "knowledge_revision": 41, "git_revision": "50837325db0cb9057f412924dbc15e45655ce8ac", "ctags": [{"_type": "tag", "name": "safeParse", "path": "/home/kavia/workspace/code-generation/frontend-notes-app-199075-199084/notes_frontend/src/hooks/useLocalStorage.js", "pattern": "/^function safeParse(value, fallback) {$/", "language": "JavaScript", "kind": "function", "signature": "(value, fallback)"}, {"_type": "tag", "name": "useLocalStorage", "path": "/home/kavia/workspace/code-generation/frontend-notes-app-199075-199084/notes_frontend/src/hooks/useLocalStorage.js", "pattern": "/^export default function useLocalStorage(key, initialValue) {$/", "language": "JavaScript", "kind": "function", "signature": "(key, initialValue)"}], "hash": "f66637b4cc4703e39d413ecf1d56481c", "format-version": 4, "code-base-name": "notes_frontend", "filename": "notes_frontend/src/hooks/useLocalStorage.js", "revision_history": [{"41": "50837325db0cb9057f412924dbc15e45655ce8ac"}]}