{"is_source_file": false, "format": "", "description": "", "external_files": [], "external_methods": [], "published": [], "classes": [], "methods": [], "calls": [], "search-terms": [], "state": 2, "file_id": 5, "knowledge_revision": 32, "git_revision": "50837325db0cb9057f412924dbc15e45655ce8ac", "hash": "03c33b9a623f1aeda9056fec579b6d72", "format-version": 4, "code-base-name": "notes_frontend", "filename": "notes_frontend/src/App.css", "revision_history": [{"32": "50837325db0cb9057f412924dbc15e45655ce8ac"}]}