{"is_source_file": true, "format": "JavaScript", "description": "This is an entry point file for a React application, responsible for rendering the root React component into the DOM.", "external_files": ["./index.css", "./App"], "external_methods": ["ReactDOM.createRoot", "React.StrictMode"], "published": [], "classes": [], "methods": ["ReactDOM.createRoot", "root.render"], "calls": ["ReactDOM.createRoot", "root.render"], "search-terms": ["React", "ReactDOM", "App", "index.js", "rendering"], "state": 2, "file_id": 7, "knowledge_revision": 21, "git_revision": "f87b1796d75ca4f5ef42ad2fb6e556ff1a779177", "ctags": [{"_type": "tag", "name": "root", "path": "/home/kavia/workspace/code-generation/frontend-notes-app-199075-199084/notes_frontend/src/index.js", "pattern": "/^const root = ReactDOM.createRoot(document.getElementById('root'));$/", "language": "JavaScript", "kind": "constant"}], "hash": "9fc5841375336fc175b49f8767a11383", "format-version": 4, "code-base-name": "notes_frontend", "filename": "notes_frontend/src/index.js", "revision_history": [{"21": "f87b1796d75ca4f5ef42ad2fb6e556ff1a779177"}]}