{"is_source_file": true, "file_id": 15, "git_revision": "", "state": 1, "description": "", "external_files": [], "external_methods": [], "published": [], "classes": [], "methods": [], "calls": [], "search-terms": [], "ctags": [{"_type": "tag", "name": "NoteItem", "path": "/home/kavia/workspace/code-generation/frontend-notes-app-199075-199084/notes_frontend/src/components/NoteItem.js", "pattern": "/^export default function NoteItem({ note, isSelected, onSelect, onDelete }) {$/", "language": "JavaScript", "kind": "function", "signature": "({ note, isSelected, onSelect, onDelete })"}, {"_type": "tag", "name": "formatDate", "path": "/home/kavia/workspace/code-generation/frontend-notes-app-199075-199084/notes_frontend/src/components/NoteItem.js", "pattern": "/^function formatDate(ts) {$/", "language": "JavaScript", "kind": "function", "signature": "(ts)"}, {"_type": "tag", "name": "isSelected", "path": "/home/kavia/workspace/code-generation/frontend-notes-app-199075-199084/notes_frontend/src/components/NoteItem.js", "pattern": "/^        aria-pressed={isSelected}$/", "language": "JavaScript", "kind": "field", "scope": "NoteItem.aria", "scopeKind": "class"}, {"_type": "tag", "name": "onDelete", "path": "/home/kavia/workspace/code-generation/frontend-notes-app-199075-199084/notes_frontend/src/components/NoteItem.js", "pattern": "/^          onClick={onDelete}$/", "language": "JavaScript", "kind": "field", "scope": "NoteItem.onClick", "scopeKind": "class"}, {"_type": "tag", "name": "onSelect", "path": "/home/kavia/workspace/code-generation/frontend-notes-app-199075-199084/notes_frontend/src/components/NoteItem.js", "pattern": "/^        onClick={onSelect}$/", "language": "JavaScript", "kind": "field", "scope": "NoteItem.onClick", "scopeKind": "class"}, {"_type": "tag", "name": "selected : \"\"}", "path": "/home/kavia/workspace/code-generation/frontend-notes-app-199075-199084/notes_frontend/src/components/NoteItem.js", "pattern": "/^        className={`${styles.selectButton} ${isSelected ? styles.selected : \"\"}`}$/", "language": "JavaScript", "kind": "field", "scope": "NoteItem.className.${styles.selectButton} ${isSelected ? styles", "scopeKind": "class"}, {"_type": "tag", "name": "styles", "path": "/home/kavia/workspace/code-generation/frontend-notes-app-199075-199084/notes_frontend/src/components/NoteItem.js", "pattern": "/^          {note.updatedAt ? <span className={styles.date}>{formatDate(note.updatedAt)}<\\/span> :/", "language": "JavaScript", "kind": "field", "scope": "note.updatedAt", "scopeKind": "class"}, {"_type": "tag", "name": "styles", "path": "/home/kavia/workspace/code-generation/frontend-notes-app-199075-199084/notes_frontend/src/components/NoteItem.js", "pattern": "/^    <li className={styles.item}>$/", "language": "JavaScript", "kind": "field", "scope": "NoteItem.AnonymousClassd99fb7c60101", "scopeKind": "class"}, {"_type": "tag", "name": "title}", "path": "/home/kavia/workspace/code-generation/frontend-notes-app-199075-199084/notes_frontend/src/components/NoteItem.js", "pattern": "/^          aria-label={`Delete note ${note.title}`}$/", "language": "JavaScript", "kind": "field", "scope": "NoteItem.aria.Delete note ${note", "scopeKind": "class"}], "format": "JavaScript", "hash": "9d1a624761228a50e61bbe4494acbf38", "format-version": 4, "code-base-name": "notes_frontend", "filename": "notes_frontend/src/components/NoteItem.js", "knowledge_revision": 30}