{"is_source_file": true, "format": "JavaScript (React JSX)", "description": "This file defines a React functional component called NotesList that renders a list of notes, with handling for empty state and interaction callbacks.", "external_files": ["./NoteItem", "./NotesList.module.css"], "external_methods": [], "published": ["NotesList"], "classes": [], "methods": [{"name": "NotesList({ notes, selectedNoteId, onSelect, onDelete, emptyState })", "description": "A React functional component that displays a list of notes or an empty state when there are no notes.", "scope": "", "scopeKind": ""}], "calls": ["React", "NoteItem", "styles.empty", "styles.emptyTitle", "styles.emptyBody", "styles.list"], "search-terms": ["NotesList", "React component", "list of notes", "empty state", "NoteItem", "CSS modules"], "state": 2, "file_id": 14, "knowledge_revision": 39, "git_revision": "50837325db0cb9057f412924dbc15e45655ce8ac", "ctags": [{"_type": "tag", "name": "NotesList", "path": "/home/kavia/workspace/code-generation/frontend-notes-app-199075-199084/notes_frontend/src/components/NotesList.js", "pattern": "/^export default function NotesList({ notes, selectedNoteId, onSelect, onDelete, emptyState }) {$/", "language": "JavaScript", "kind": "function", "signature": "({ notes, selectedNoteId, onSelect, onDelete, emptyState })"}, {"_type": "tag", "name": "styles", "path": "/home/kavia/workspace/code-generation/frontend-notes-app-199075-199084/notes_frontend/src/components/NotesList.js", "pattern": "/^      <div className={styles.empty} role=\"status\" aria-live=\"polite\">$/", "language": "JavaScript", "kind": "field", "scope": "NotesList.AnonymousClassd330b7660101", "scopeKind": "class"}, {"_type": "tag", "name": "styles", "path": "/home/kavia/workspace/code-generation/frontend-notes-app-199075-199084/notes_frontend/src/components/NotesList.js", "pattern": "/^    <ul className={styles.list} aria-label=\"Notes\">$/", "language": "JavaScript", "kind": "field", "scope": "NotesList.AnonymousClassd330b7660201", "scopeKind": "class"}], "hash": "0515a3ff7e0df16d40bafffab374d67e", "format-version": 4, "code-base-name": "notes_frontend", "filename": "notes_frontend/src/components/NotesList.js", "fields": [{"name": "<div className={styles.empty} role=\"status\" aria-live=\"polite\">", "scope": "NotesList.AnonymousClassd330b7660101", "scopeKind": "class", "description": "unavailable"}, {"name": "<ul className={styles.list} aria-label=\"Notes\">", "scope": "NotesList.AnonymousClassd330b7660201", "scopeKind": "class", "description": "unavailable"}], "revision_history": [{"39": "50837325db0cb9057f412924dbc15e45655ce8ac"}]}