{"is_source_file": true, "format": "JavaScript (React component)", "description": "This file defines the React component NoteForm, used for adding and editing notes in a note-taking frontend application. It manages form state, validation, and user interactions for note input fields.", "external_files": ["./NoteForm.module.css"], "external_methods": [], "published": ["default", "NoteForm", "useEffect", "useMemo", "useState"], "classes": [], "methods": [{"name": "handleSubmit(e)", "description": "Handles form submission, validating inputs and invoking callback functions to create or update notes.", "scope": "NoteForm", "scopeKind": "function"}, {"name": "NoteForm({ mode, note, onCreate, onUpdate, onCancel })", "scope": "", "scopeKind": "", "description": "unavailable"}], "calls": ["setTouched", "setTitle", "setBody", "onUpdate", "onCreate", "setTouched", "setTitle", "setBody"], "search-terms": ["NoteForm React component", "note input form", "add/edit note", "validation rules"], "state": 2, "file_id": 13, "knowledge_revision": 38, "git_revision": "50837325db0cb9057f412924dbc15e45655ce8ac", "ctags": [{"_type": "tag", "name": "7", "path": "/home/kavia/workspace/code-generation/frontend-notes-app-199075-199084/notes_frontend/src/components/NoteForm.js", "pattern": "/^          rows={7}$/", "language": "JavaScript", "kind": "field", "scope": "NoteForm.required", "scopeKind": "class"}, {"_type": "tag", "name": "NoteForm", "path": "/home/kavia/workspace/code-generation/frontend-notes-app-199075-199084/notes_frontend/src/components/NoteForm.js", "pattern": "/^export default function NoteForm({ mode, note, onCreate, onUpdate, onCancel }) {$/", "language": "JavaScript", "kind": "function", "signature": "({ mode, note, onCreate, onUpdate, onCancel })"}, {"_type": "tag", "name": "body", "path": "/home/kavia/workspace/code-generation/frontend-notes-app-199075-199084/notes_frontend/src/components/NoteForm.js", "pattern": "/^          value={body}$/", "language": "JavaScript", "kind": "field", "scope": "NoteForm.value", "scopeKind": "class"}, {"_type": "tag", "name": "bodyError", "path": "/home/kavia/workspace/code-generation/frontend-notes-app-199075-199084/notes_frontend/src/components/NoteForm.js", "pattern": "/^          aria-describedby={bodyError ? \"note-body-error\" : undefined}$/", "language": "JavaScript", "kind": "field", "scope": "NoteForm.aria", "scopeKind": "class"}, {"_type": "tag", "name": "handleSubmit", "path": "/home/kavia/workspace/code-generation/frontend-notes-app-199075-199084/notes_frontend/src/components/NoteForm.js", "pattern": "/^  function handleSubmit(e) {$/", "language": "JavaScript", "kind": "function", "signature": "(e)", "scope": "NoteForm", "scopeKind": "function"}, {"_type": "tag", "name": "styles", "path": "/home/kavia/workspace/code-generation/frontend-notes-app-199075-199084/notes_frontend/src/components/NoteForm.js", "pattern": "/^          className={styles.input}$/", "language": "JavaScript", "kind": "field", "scope": "NoteForm.className", "scopeKind": "class"}, {"_type": "tag", "name": "styles", "path": "/home/kavia/workspace/code-generation/frontend-notes-app-199075-199084/notes_frontend/src/components/NoteForm.js", "pattern": "/^          className={styles.textarea}$/", "language": "JavaScript", "kind": "field", "scope": "NoteForm.className", "scopeKind": "class"}, {"_type": "tag", "name": "styles", "path": "/home/kavia/workspace/code-generation/frontend-notes-app-199075-199084/notes_frontend/src/components/NoteForm.js", "pattern": "/^    <form className={styles.form} onSubmit={handleSubmit} aria-label={isEdit ? \"Edit note form\" /", "language": "JavaScript", "kind": "field", "scope": "NoteForm.AnonymousClasse7f274eb0101", "scopeKind": "class"}, {"_type": "tag", "name": "title", "path": "/home/kavia/workspace/code-generation/frontend-notes-app-199075-199084/notes_frontend/src/components/NoteForm.js", "pattern": "/^          value={title}$/", "language": "JavaScript", "kind": "field", "scope": "NoteForm.value", "scopeKind": "class"}, {"_type": "tag", "name": "titleError", "path": "/home/kavia/workspace/code-generation/frontend-notes-app-199075-199084/notes_frontend/src/components/NoteForm.js", "pattern": "/^          aria-describedby={titleError ? \"note-title-error\" : undefined}$/", "language": "JavaScript", "kind": "field", "scope": "NoteForm.aria", "scopeKind": "class"}], "hash": "b042abbe6d101bc77fff9bfb8017289f", "format-version": 4, "code-base-name": "notes_frontend", "filename": "notes_frontend/src/components/NoteForm.js", "fields": [{"name": "rows={7}", "scope": "NoteForm.required", "scopeKind": "class", "description": "unavailable"}, {"name": "value={body}", "scope": "NoteForm.value", "scopeKind": "class", "description": "unavailable"}, {"name": "aria-describedby={bodyError ? \"note-body-error\" : undefined}", "scope": "NoteForm.aria", "scopeKind": "class", "description": "unavailable"}, {"name": "className={styles.input}", "scope": "NoteForm.className", "scopeKind": "class", "description": "unavailable"}, {"name": "className={styles.textarea}", "scope": "NoteForm.className", "scopeKind": "class", "description": "unavailable"}, {"name": "<form className={styles.form} onSubmit={handleSubmit} aria-label={isEdit ? \"Edit note form\" /", "scope": "NoteForm.AnonymousClasse7f274eb0101", "scopeKind": "class", "description": "unavailable"}, {"name": "value={title}", "scope": "NoteForm.value", "scopeKind": "class", "description": "unavailable"}, {"name": "aria-describedby={titleError ? \"note-title-error\" : undefined}", "scope": "NoteForm.aria", "scopeKind": "class", "description": "unavailable"}], "revision_history": [{"38": "50837325db0cb9057f412924dbc15e45655ce8ac"}]}