{"is_source_file": false, "format": "", "description": "", "external_files": [], "external_methods": [], "published": [], "classes": [], "methods": [], "calls": [], "search-terms": [], "state": 2, "file_id": 2, "knowledge_revision": 26, "git_revision": "f87b1796d75ca4f5ef42ad2fb6e556ff1a779177", "hash": "80b08e4dd82f6b8b1f983c3884a85000", "format-version": 4, "code-base-name": "notes_frontend", "filename": "notes_frontend/package.json", "revision_history": [{"26": "f87b1796d75ca4f5ef42ad2fb6e556ff1a779177"}]}