{"is_source_file": false, "format": "", "description": "", "external_files": [], "external_methods": [], "published": [], "classes": [], "methods": [], "calls": [], "search-terms": [], "state": 2, "file_id": 18, "knowledge_revision": 43, "git_revision": "50837325db0cb9057f412924dbc15e45655ce8ac", "hash": "f269864496785157e011bf7f60c4ec41", "format-version": 4, "code-base-name": "notes_frontend", "filename": "notes_frontend/src/components/NotesList.module.css", "revision_history": [{"43": "50837325db0cb9057f412924dbc15e45655ce8ac"}]}