{"is_source_file": true, "format": "JavaScript (React JSX)", "description": "This file defines a React component called NoteItem, which displays individual note details including title, last updated date, and body. It includes interactive buttons for selecting, editing, and deleting the note, and uses CSS modules for styling.", "external_files": ["./NoteItem.module.css"], "external_methods": ["React"], "published": ["default"], "classes": [], "methods": [{"name": "formatDate(ts)", "description": "A helper function to format timestamp into locale string with error handling.", "scope": "", "scopeKind": ""}, {"name": "NoteItem({ note, isSelected, onSelect, onDelete })", "description": "React functional component that renders a note item with actions and details.", "scope": "", "scopeKind": ""}], "calls": ["new Date(ts).toLocaleString()"], "search-terms": ["NoteItem", "React component", "note display", "CSS modules", "edit note", "delete note"], "state": 2, "file_id": 15, "knowledge_revision": 40, "git_revision": "50837325db0cb9057f412924dbc15e45655ce8ac", "ctags": [{"_type": "tag", "name": "NoteItem", "path": "/home/kavia/workspace/code-generation/frontend-notes-app-199075-199084/notes_frontend/src/components/NoteItem.js", "pattern": "/^export default function NoteItem({ note, isSelected, onSelect, onDelete }) {$/", "language": "JavaScript", "kind": "function", "signature": "({ note, isSelected, onSelect, onDelete })"}, {"_type": "tag", "name": "formatDate", "path": "/home/kavia/workspace/code-generation/frontend-notes-app-199075-199084/notes_frontend/src/components/NoteItem.js", "pattern": "/^function formatDate(ts) {$/", "language": "JavaScript", "kind": "function", "signature": "(ts)"}, {"_type": "tag", "name": "isSelected", "path": "/home/kavia/workspace/code-generation/frontend-notes-app-199075-199084/notes_frontend/src/components/NoteItem.js", "pattern": "/^        aria-pressed={isSelected}$/", "language": "JavaScript", "kind": "field", "scope": "NoteItem.aria", "scopeKind": "class"}, {"_type": "tag", "name": "onDelete", "path": "/home/kavia/workspace/code-generation/frontend-notes-app-199075-199084/notes_frontend/src/components/NoteItem.js", "pattern": "/^          onClick={onDelete}$/", "language": "JavaScript", "kind": "field", "scope": "NoteItem.onClick", "scopeKind": "class"}, {"_type": "tag", "name": "onSelect", "path": "/home/kavia/workspace/code-generation/frontend-notes-app-199075-199084/notes_frontend/src/components/NoteItem.js", "pattern": "/^        onClick={onSelect}$/", "language": "JavaScript", "kind": "field", "scope": "NoteItem.onClick", "scopeKind": "class"}, {"_type": "tag", "name": "selected : \"\"}", "path": "/home/kavia/workspace/code-generation/frontend-notes-app-199075-199084/notes_frontend/src/components/NoteItem.js", "pattern": "/^        className={`${styles.selectButton} ${isSelected ? styles.selected : \"\"}`}$/", "language": "JavaScript", "kind": "field", "scope": "NoteItem.className.${styles.selectButton} ${isSelected ? styles", "scopeKind": "class"}, {"_type": "tag", "name": "styles", "path": "/home/kavia/workspace/code-generation/frontend-notes-app-199075-199084/notes_frontend/src/components/NoteItem.js", "pattern": "/^          {note.updatedAt ? <span className={styles.date}>{formatDate(note.updatedAt)}<\\/span> :/", "language": "JavaScript", "kind": "field", "scope": "note.updatedAt", "scopeKind": "class"}, {"_type": "tag", "name": "styles", "path": "/home/kavia/workspace/code-generation/frontend-notes-app-199075-199084/notes_frontend/src/components/NoteItem.js", "pattern": "/^    <li className={styles.item}>$/", "language": "JavaScript", "kind": "field", "scope": "NoteItem.AnonymousClassd99fb7c60101", "scopeKind": "class"}, {"_type": "tag", "name": "title}", "path": "/home/kavia/workspace/code-generation/frontend-notes-app-199075-199084/notes_frontend/src/components/NoteItem.js", "pattern": "/^          aria-label={`Delete note ${note.title}`}$/", "language": "JavaScript", "kind": "field", "scope": "NoteItem.aria.Delete note ${note", "scopeKind": "class"}], "hash": "9d1a624761228a50e61bbe4494acbf38", "format-version": 4, "code-base-name": "notes_frontend", "filename": "notes_frontend/src/components/NoteItem.js", "fields": [{"name": "aria-pressed={isSelected}", "scope": "NoteItem.aria", "scopeKind": "class", "description": "unavailable"}, {"name": "onClick={onDelete}", "scope": "NoteItem.onClick", "scopeKind": "class", "description": "unavailable"}, {"name": "onClick={onSelect}", "scope": "NoteItem.onClick", "scopeKind": "class", "description": "unavailable"}, {"name": "className={`${styles.selectButton} ${isSelected ? styles.selected : \"\"}`}", "scope": "NoteItem.className.${styles.selectButton} ${isSelected ? styles", "scopeKind": "class", "description": "unavailable"}, {"name": "{note.updatedAt ? <span className={styles.date}>{formatDate(note.updatedAt)}<\\/span> :/", "scope": "note.updatedAt", "scopeKind": "class", "description": "unavailable"}, {"name": "<li className={styles.item}>", "scope": "NoteItem.AnonymousClassd99fb7c60101", "scopeKind": "class", "description": "unavailable"}, {"name": "aria-label={`Delete note ${note.title}`}", "scope": "NoteItem.aria.Delete note ${note", "scopeKind": "class", "description": "unavailable"}], "revision_history": [{"40": "50837325db0cb9057f412924dbc15e45655ce8ac"}]}