{"is_source_file": true, "file_id": 13, "git_revision": "", "state": 1, "description": "", "external_files": [], "external_methods": [], "published": [], "classes": [], "methods": [], "calls": [], "search-terms": [], "ctags": [{"_type": "tag", "name": "7", "path": "/home/kavia/workspace/code-generation/frontend-notes-app-199075-199084/notes_frontend/src/components/NoteForm.js", "pattern": "/^          rows={7}$/", "language": "JavaScript", "kind": "field", "scope": "NoteForm.required", "scopeKind": "class"}, {"_type": "tag", "name": "NoteForm", "path": "/home/kavia/workspace/code-generation/frontend-notes-app-199075-199084/notes_frontend/src/components/NoteForm.js", "pattern": "/^export default function NoteForm({ mode, note, onCreate, onUpdate, onCancel }) {$/", "language": "JavaScript", "kind": "function", "signature": "({ mode, note, onCreate, onUpdate, onCancel })"}, {"_type": "tag", "name": "body", "path": "/home/kavia/workspace/code-generation/frontend-notes-app-199075-199084/notes_frontend/src/components/NoteForm.js", "pattern": "/^          value={body}$/", "language": "JavaScript", "kind": "field", "scope": "NoteForm.value", "scopeKind": "class"}, {"_type": "tag", "name": "bodyError", "path": "/home/kavia/workspace/code-generation/frontend-notes-app-199075-199084/notes_frontend/src/components/NoteForm.js", "pattern": "/^          aria-describedby={bodyError ? \"note-body-error\" : undefined}$/", "language": "JavaScript", "kind": "field", "scope": "NoteForm.aria", "scopeKind": "class"}, {"_type": "tag", "name": "handleSubmit", "path": "/home/kavia/workspace/code-generation/frontend-notes-app-199075-199084/notes_frontend/src/components/NoteForm.js", "pattern": "/^  function handleSubmit(e) {$/", "language": "JavaScript", "kind": "function", "signature": "(e)", "scope": "NoteForm", "scopeKind": "function"}, {"_type": "tag", "name": "styles", "path": "/home/kavia/workspace/code-generation/frontend-notes-app-199075-199084/notes_frontend/src/components/NoteForm.js", "pattern": "/^          className={styles.input}$/", "language": "JavaScript", "kind": "field", "scope": "NoteForm.className", "scopeKind": "class"}, {"_type": "tag", "name": "styles", "path": "/home/kavia/workspace/code-generation/frontend-notes-app-199075-199084/notes_frontend/src/components/NoteForm.js", "pattern": "/^          className={styles.textarea}$/", "language": "JavaScript", "kind": "field", "scope": "NoteForm.className", "scopeKind": "class"}, {"_type": "tag", "name": "styles", "path": "/home/kavia/workspace/code-generation/frontend-notes-app-199075-199084/notes_frontend/src/components/NoteForm.js", "pattern": "/^    <form className={styles.form} onSubmit={handleSubmit} aria-label={isEdit ? \"Edit note form\" /", "language": "JavaScript", "kind": "field", "scope": "NoteForm.AnonymousClasse7f274eb0101", "scopeKind": "class"}, {"_type": "tag", "name": "title", "path": "/home/kavia/workspace/code-generation/frontend-notes-app-199075-199084/notes_frontend/src/components/NoteForm.js", "pattern": "/^          value={title}$/", "language": "JavaScript", "kind": "field", "scope": "NoteForm.value", "scopeKind": "class"}, {"_type": "tag", "name": "titleError", "path": "/home/kavia/workspace/code-generation/frontend-notes-app-199075-199084/notes_frontend/src/components/NoteForm.js", "pattern": "/^          aria-describedby={titleError ? \"note-title-error\" : undefined}$/", "language": "JavaScript", "kind": "field", "scope": "NoteForm.aria", "scopeKind": "class"}], "format": "JavaScript", "hash": "b042abbe6d101bc77fff9bfb8017289f", "format-version": 4, "code-base-name": "notes_frontend", "filename": "notes_frontend/src/components/NoteForm.js", "knowledge_revision": 28}