{"is_source_file": true, "file_id": 14, "git_revision": "", "state": 1, "description": "", "external_files": [], "external_methods": [], "published": [], "classes": [], "methods": [], "calls": [], "search-terms": [], "ctags": [{"_type": "tag", "name": "NotesList", "path": "/home/kavia/workspace/code-generation/frontend-notes-app-199075-199084/notes_frontend/src/components/NotesList.js", "pattern": "/^export default function NotesList({ notes, selectedNoteId, onSelect, onDelete, emptyState }) {$/", "language": "JavaScript", "kind": "function", "signature": "({ notes, selectedNoteId, onSelect, onDelete, emptyState })"}, {"_type": "tag", "name": "styles", "path": "/home/kavia/workspace/code-generation/frontend-notes-app-199075-199084/notes_frontend/src/components/NotesList.js", "pattern": "/^      <div className={styles.empty} role=\"status\" aria-live=\"polite\">$/", "language": "JavaScript", "kind": "field", "scope": "NotesList.AnonymousClassd330b7660101", "scopeKind": "class"}, {"_type": "tag", "name": "styles", "path": "/home/kavia/workspace/code-generation/frontend-notes-app-199075-199084/notes_frontend/src/components/NotesList.js", "pattern": "/^    <ul className={styles.list} aria-label=\"Notes\">$/", "language": "JavaScript", "kind": "field", "scope": "NotesList.AnonymousClassd330b7660201", "scopeKind": "class"}], "format": "JavaScript", "hash": "0515a3ff7e0df16d40bafffab374d67e", "format-version": 4, "code-base-name": "notes_frontend", "filename": "notes_frontend/src/components/NotesList.js", "knowledge_revision": 29}