{"is_source_file": false, "format": "", "description": "", "external_files": [], "external_methods": [], "published": [], "classes": [], "methods": [], "calls": [], "search-terms": ["NoteForm", "CSS modules", "frontend-styles", "component-specific styles"], "state": 2, "file_id": 17, "knowledge_revision": 42, "git_revision": "50837325db0cb9057f412924dbc15e45655ce8ac", "hash": "c2b7eb3f3a96d17aac16a1bc46206c0b", "format-version": 4, "code-base-name": "notes_frontend", "filename": "notes_frontend/src/components/NoteForm.module.css", "revision_history": [{"42": "50837325db0cb9057f412924dbc15e45655ce8ac"}]}