{"is_source_file": true, "format": "JavaScript (React)", "description": "Main application component for a note-taking web app, managing state, rendering UI, and handling user interactions.", "external_files": ["./components/NoteForm", "./components/NotesList", "./hooks/useLocalStorage", "./App.css"], "external_methods": ["useMemo", "useState", "useLocalStorage"], "published": ["App"], "classes": [], "methods": [{"name": "generateId()", "description": "Generates a unique ID for notes, using crypto.randomUUID if available or falling back to timestamp and random number.", "scope": "", "scopeKind": ""}, {"name": "App()", "description": "Main React component managing notes, search, and editing state; rendering UI and handling core logic.", "scope": "", "scopeKind": ""}, {"name": "handleCancelEdit()", "scope": "App", "scopeKind": "function", "description": "unavailable"}, {"name": "handleCreateNote({ title, body })", "scope": "App", "scopeKind": "function", "description": "unavailable"}, {"name": "handleDeleteNote(noteId)", "scope": "App", "scopeKind": "function", "description": "unavailable"}, {"name": "handleSelectNote(noteId)", "scope": "App", "scopeKind": "function", "description": "unavailable"}, {"name": "handleUpdateNote({ title, body })", "scope": "App", "scopeKind": "function", "description": "unavailable"}], "calls": ["useMemo", "useState", "useLocalStorage", "generateId", "notes.find", "notes.filter", "setNotes", "setSelectedNoteId", "window.confirm"], "search-terms": ["generateId", "NotesList", "NoteForm", "localStorage", "useLocalStorage", "search"], "state": 2, "file_id": 6, "knowledge_revision": 27, "git_revision": "f87b1796d75ca4f5ef42ad2fb6e556ff1a779177", "revision_history": [{"25": "f87b1796d75ca4f5ef42ad2fb6e556ff1a779177"}, {"27": "f87b1796d75ca4f5ef42ad2fb6e556ff1a779177"}], "ctags": [{"_type": "tag", "name": "App", "path": "/home/kavia/workspace/code-generation/frontend-notes-app-199075-199084/notes_frontend/src/App.js", "pattern": "/^function App() {$/", "language": "JavaScript", "kind": "function", "signature": "()"}, {"_type": "tag", "name": "body", "path": "/home/kavia/workspace/code-generation/frontend-notes-app-199075-199084/notes_frontend/src/App.js", "pattern": "/^      body: body.trim(),$/", "language": "JavaScript", "kind": "property", "scope": "App.handleCreateNote.newNote", "scopeKind": "class"}, {"_type": "tag", "name": "createdAt", "path": "/home/kavia/workspace/code-generation/frontend-notes-app-199075-199084/notes_frontend/src/App.js", "pattern": "/^      createdAt: now,$/", "language": "JavaScript", "kind": "property", "scope": "App.handleCreateNote.newNote", "scopeKind": "class"}, {"_type": "tag", "name": "filteredNotes", "path": "/home/kavia/workspace/code-generation/frontend-notes-app-199075-199084/notes_frontend/src/App.js", "pattern": "/^            notes={filteredNotes}$/", "language": "JavaScript", "kind": "field", "scope": "App.notes", "scopeKind": "class"}, {"_type": "tag", "name": "generateId", "path": "/home/kavia/workspace/code-generation/frontend-notes-app-199075-199084/notes_frontend/src/App.js", "pattern": "/^function generateId() {$/", "language": "JavaScript", "kind": "function", "signature": "()"}, {"_type": "tag", "name": "handleCancelEdit", "path": "/home/kavia/workspace/code-generation/frontend-notes-app-199075-199084/notes_frontend/src/App.js", "pattern": "/^            onCancel={handleCancelEdit}$/", "language": "JavaScript", "kind": "field", "scope": "App.onCancel", "scopeKind": "class"}, {"_type": "tag", "name": "handleCancelEdit", "path": "/home/kavia/workspace/code-generation/frontend-notes-app-199075-199084/notes_frontend/src/App.js", "pattern": "/^  function handleCancelEdit() {$/", "language": "JavaScript", "kind": "function", "signature": "()", "scope": "App", "scopeKind": "function"}, {"_type": "tag", "name": "handleCreateNote", "path": "/home/kavia/workspace/code-generation/frontend-notes-app-199075-199084/notes_frontend/src/App.js", "pattern": "/^            onCreate={handleCreateNote}$/", "language": "JavaScript", "kind": "field", "scope": "App.onCreate", "scopeKind": "class"}, {"_type": "tag", "name": "handleCreateNote", "path": "/home/kavia/workspace/code-generation/frontend-notes-app-199075-199084/notes_frontend/src/App.js", "pattern": "/^  function handleCreateNote({ title, body }) {$/", "language": "JavaScript", "kind": "function", "signature": "({ title, body })", "scope": "App", "scopeKind": "function"}, {"_type": "tag", "name": "handleDeleteNote", "path": "/home/kavia/workspace/code-generation/frontend-notes-app-199075-199084/notes_frontend/src/App.js", "pattern": "/^            onDelete={handleDeleteNote}$/", "language": "JavaScript", "kind": "field", "scope": "App.onDelete", "scopeKind": "class"}, {"_type": "tag", "name": "handleDeleteNote", "path": "/home/kavia/workspace/code-generation/frontend-notes-app-199075-199084/notes_frontend/src/App.js", "pattern": "/^  function handleDeleteNote(noteId) {$/", "language": "JavaScript", "kind": "function", "signature": "(noteId)", "scope": "App", "scopeKind": "function"}, {"_type": "tag", "name": "handleSelectNote", "path": "/home/kavia/workspace/code-generation/frontend-notes-app-199075-199084/notes_frontend/src/App.js", "pattern": "/^            onSelect={handleSelectNote}$/", "language": "JavaScript", "kind": "field", "scope": "App.onSelect", "scopeKind": "class"}, {"_type": "tag", "name": "handleSelectNote", "path": "/home/kavia/workspace/code-generation/frontend-notes-app-199075-199084/notes_frontend/src/App.js", "pattern": "/^  function handleSelectNote(noteId) {$/", "language": "JavaScript", "kind": "function", "signature": "(noteId)", "scope": "App", "scopeKind": "function"}, {"_type": "tag", "name": "handleUpdateNote", "path": "/home/kavia/workspace/code-generation/frontend-notes-app-199075-199084/notes_frontend/src/App.js", "pattern": "/^            onUpdate={handleUpdateNote}$/", "language": "JavaScript", "kind": "field", "scope": "App.onUpdate", "scopeKind": "class"}, {"_type": "tag", "name": "handleUpdateNote", "path": "/home/kavia/workspace/code-generation/frontend-notes-app-199075-199084/notes_frontend/src/App.js", "pattern": "/^  function handleUpdateNote({ title, body }) {$/", "language": "JavaScript", "kind": "function", "signature": "({ title, body })", "scope": "App", "scopeKind": "function"}, {"_type": "tag", "name": "id", "path": "/home/kavia/workspace/code-generation/frontend-notes-app-199075-199084/notes_frontend/src/App.js", "pattern": "/^      id: generateId(),$/", "language": "JavaScript", "kind": "property", "scope": "App.handleCreateNote.newNote", "scopeKind": "class"}, {"_type": "tag", "name": "isEditing", "path": "/home/kavia/workspace/code-generation/frontend-notes-app-199075-199084/notes_frontend/src/App.js", "pattern": "/^            mode={isEditing ? \"edit\" : \"add\"}$/", "language": "JavaScript", "kind": "field", "scope": "App.mode", "scopeKind": "class"}, {"_type": "tag", "name": "isEditing", "path": "/home/kavia/workspace/code-generation/frontend-notes-app-199075-199084/notes_frontend/src/App.js", "pattern": "/^            title={isEditing ? \"Switch to add mode\" : \"Already in add mode\"}$/", "language": "JavaScript", "kind": "field", "scope": "App.title", "scopeKind": "class"}, {"_type": "tag", "name": "newNote", "path": "/home/kavia/workspace/code-generation/frontend-notes-app-199075-199084/notes_frontend/src/App.js", "pattern": "/^    const newNote = {$/", "language": "JavaScript", "kind": "class", "scope": "App.handleCreateNote", "scopeKind": "class"}, {"_type": "tag", "name": "query", "path": "/home/kavia/workspace/code-generation/frontend-notes-app-199075-199084/notes_frontend/src/App.js", "pattern": "/^              query.trim()$/", "language": "JavaScript", "kind": "field", "scope": "App.emptyState", "scopeKind": "class"}, {"_type": "tag", "name": "query", "path": "/home/kavia/workspace/code-generation/frontend-notes-app-199075-199084/notes_frontend/src/App.js", "pattern": "/^            value={query}$/", "language": "JavaScript", "kind": "field", "scope": "App.value", "scopeKind": "class"}, {"_type": "tag", "name": "selectedNote", "path": "/home/kavia/workspace/code-generation/frontend-notes-app-199075-199084/notes_frontend/src/App.js", "pattern": "/^            note={selectedNote}$/", "language": "JavaScript", "kind": "field", "scope": "App.note", "scopeKind": "class"}, {"_type": "tag", "name": "selectedNoteId", "path": "/home/kavia/workspace/code-generation/frontend-notes-app-199075-199084/notes_frontend/src/App.js", "pattern": "/^            selectedNoteId={selectedNoteId}$/", "language": "JavaScript", "kind": "field", "scope": "App.selectedNoteId", "scopeKind": "class"}, {"_type": "tag", "name": "title", "path": "/home/kavia/workspace/code-generation/frontend-notes-app-199075-199084/notes_frontend/src/App.js", "pattern": "/^      title: title.trim(),$/", "language": "JavaScript", "kind": "property", "scope": "App.handleCreateNote.newNote", "scopeKind": "class"}, {"_type": "tag", "name": "updatedAt", "path": "/home/kavia/workspace/code-generation/frontend-notes-app-199075-199084/notes_frontend/src/App.js", "pattern": "/^      updatedAt: now,$/", "language": "JavaScript", "kind": "property", "scope": "App.handleCreateNote.newNote", "scopeKind": "class"}], "hash": "850318e9c2d261ec1a4c0bb5ee094a80", "format-version": 4, "code-base-name": "notes_frontend", "filename": "notes_frontend/src/App.js", "fields": [{"name": "body: body.trim(),", "scope": "App.handleCreateNote.newNote", "scopeKind": "class", "description": "unavailable"}, {"name": "createdAt: now,", "scope": "App.handleCreateNote.newNote", "scopeKind": "class", "description": "unavailable"}, {"name": "notes={filteredNotes}", "scope": "App.notes", "scopeKind": "class", "description": "unavailable"}, {"name": "onCancel={handleCancelEdit}", "scope": "App.onCancel", "scopeKind": "class", "description": "unavailable"}, {"name": "onCreate={handleCreateNote}", "scope": "App.onCreate", "scopeKind": "class", "description": "unavailable"}, {"name": "onDelete={handleDeleteNote}", "scope": "App.onDelete", "scopeKind": "class", "description": "unavailable"}, {"name": "onSelect={handleSelectNote}", "scope": "App.onSelect", "scopeKind": "class", "description": "unavailable"}, {"name": "onUpdate={handleUpdateNote}", "scope": "App.onUpdate", "scopeKind": "class", "description": "unavailable"}, {"name": "id: generateId(),", "scope": "App.handleCreateNote.newNote", "scopeKind": "class", "description": "unavailable"}, {"name": "mode={isEditing ? \"edit\" : \"add\"}", "scope": "App.mode", "scopeKind": "class", "description": "unavailable"}, {"name": "title={isEditing ? \"Switch to add mode\" : \"Already in add mode\"}", "scope": "App.title", "scopeKind": "class", "description": "unavailable"}, {"name": "query.trim()", "scope": "App.emptyState", "scopeKind": "class", "description": "unavailable"}, {"name": "value={query}", "scope": "App.value", "scopeKind": "class", "description": "unavailable"}, {"name": "note={selectedNote}", "scope": "App.note", "scopeKind": "class", "description": "unavailable"}, {"name": "selectedNoteId={selectedNoteId}", "scope": "App.selectedNoteId", "scopeKind": "class", "description": "unavailable"}, {"name": "title: title.trim(),", "scope": "App.handleCreateNote.newNote", "scopeKind": "class", "description": "unavailable"}, {"name": "updatedAt: now,", "scope": "App.handleCreateNote.newNote", "scopeKind": "class", "description": "unavailable"}]}