{"is_source_file": false, "format": "", "description": "", "external_files": [], "external_methods": [], "published": [], "classes": [], "methods": [], "calls": [], "search-terms": ["App.css", "CSS variables", "themes", "dark theme", "light theme", "CSS variables for theme management"], "state": 2, "file_id": 5, "knowledge_revision": 20, "git_revision": "f87b1796d75ca4f5ef42ad2fb6e556ff1a779177", "hash": "22f9e17cc1848b56dbb244518ac2707e", "format-version": 4, "code-base-name": "notes_frontend", "filename": "notes_frontend/src/App.css", "revision_history": [{"20": "f87b1796d75ca4f5ef42ad2fb6e556ff1a779177"}]}