{"is_source_file": false, "format": "", "description": "", "external_files": [], "external_methods": [], "published": [], "classes": [], "methods": [], "calls": [], "search-terms": ["NoteItem", "CSS module", ".item", ".selectButton", ".titleRow", ".title", ".date", ".preview", ".actions"], "state": 2, "file_id": 19, "knowledge_revision": 44, "git_revision": "50837325db0cb9057f412924dbc15e45655ce8ac", "hash": "f8e43f911e14bfd386267fa8714664f6", "format-version": 4, "code-base-name": "notes_frontend", "filename": "notes_frontend/src/components/NoteItem.module.css", "revision_history": [{"44": "50837325db0cb9057f412924dbc15e45655ce8ac"}]}