{"is_source_file": false, "format": "", "description": "", "external_files": [], "external_methods": [], "published": [], "classes": [], "methods": [], "calls": [], "search-terms": [], "state": 2, "file_id": 4, "knowledge_revision": 18, "git_revision": "f87b1796d75ca4f5ef42ad2fb6e556ff1a779177", "hash": "be6538e7523bc2e9da0743133d784136", "format-version": 4, "code-base-name": "notes_frontend", "filename": "notes_frontend/eslint.config.mjs", "revision_history": [{"18": "f87b1796d75ca4f5ef42ad2fb6e556ff1a779177"}]}