{"is_source_file": false, "format": "", "description": "", "external_files": [], "external_methods": [], "published": [], "classes": [], "methods": [], "calls": [], "search-terms": ["frontend-notes-app", "README.md", "199075-199084"], "state": 2, "file_id": 1, "knowledge_revision": 10, "git_revision": "a19e7d659df19821e2c4846b14bae20c55df1be2", "hash": "caa12e45a00607d782a0e7c82fa07ecf", "format-version": 4, "code-base-name": "notes_frontend", "filename": "README.md", "revision_history": [{"10": "a19e7d659df19821e2c4846b14bae20c55df1be2"}]}